,title,category,passage,news_from,url
0,高质量发展是全面建设社会主义现代化国家的首要任务。习近平总书记多次发表重要论述，强调要着力推动高质量发展。,1,,中国新闻网,http://www.chinanews.com.cn/gn/2023/02-19/9956246.shtml
1,台湾父子接力木球运动：打开两岸民间交流的一扇窗,1,,中国新闻网,http://www.chinanews.com//www.chinanews.com.cn/gn/2023/02-17/9955325.shtml
2,奋力开创全面推进乡村振兴新局面,1,,中国新闻网,http://www.chinanews.com//www.chinanews.com.cn/gn/2023/02-17/9955145.shtml
3,“全覆盖”“全推开”，数解2022年刑事执行检察工作亮点,1,,中国新闻网,http://www.chinanews.com//www.chinanews.com.cn/gn/2023/02-17/9955303.shtml
4,东西问｜唐颖侠：中国式现代化道路为何强调人权事业全面协调发展？,1,,中国新闻网,http://www.chinanews.com//www.chinanews.com.cn/gn/2023/02-18/9956159.shtml
5,保护湿地的年轻人,1,,中国新闻网,http://www.chinanews.com//www.chinanews.com.cn/gn/2023/02-19/9956221.shtml
6,中新网评：讲好中国故事，让世界了解真实的中国,1,,中国新闻网,http://www.chinanews.com//www.chinanews.com.cn/gn/2023/02-17/9955558.shtml
7,以裸聊敲诈、网络套路贷等为重点 公安部推进打击惩治涉网黑恶犯罪专项行动,1,,中国新闻网,http://www.chinanews.com//www.chinanews.com.cn/gn/2023/02-16/9955065.shtml
8,风腐同查同治：既以案看风又以风挖案,1,,中国新闻网,http://www.chinanews.com//www.chinanews.com.cn/gn/2023/02-19/9956208.shtml
9,健全耕地休耕轮作制度：轮作休耕 藏粮于地,1,,中国新闻网,http://www.chinanews.com//www.chinanews.com.cn/gn/2023/02-17/9955147.shtml
10,永远传唱“团结就是力量”,1,,中国新闻网,http://www.chinanews.com//www.chinanews.com.cn/gn/2023/02-19/9956224.shtml
11,比美国“毒列车”更灾难的，是治理“脱轨”,8,,中国新闻网,http://www.chinanews.com//www.chinanews.com.cn/gj/2023/02-17/9955232.shtml
12,前瞻性通胀指标1月反弹 美国对抗通胀遭遇挫折！,8,,中国新闻网,http://www.chinanews.com//www.chinanews.com.cn/gj/2023/02-17/9955309.shtml
13,美国又现枪案悲剧！3岁男童意外开枪击中自己身亡,8,,中国新闻网,http://www.chinanews.com//www.chinanews.com.cn/gj/2023/02-17/9955453.shtml
14,“拜登宁愿德国人挨冻”！“他们一个字也没提和平”,8,,中国新闻网,http://www.chinanews.com//www.chinanews.com.cn/gj/2023/02-17/9955750.shtml
15,“中国救援”在土耳其灾区：19支队伍500多人驰援 播撒人道主义“种子”,8,,中国新闻网,http://www.chinanews.com//www.chinanews.com.cn/gj/2023/02-16/9955080.shtml
16,抓住机遇，与中国市场共成长,8,,中国新闻网,http://www.chinanews.com//www.chinanews.com.cn/gj/2023/02-19/9956222.shtml
17,王毅：要求美国拿出诚意，改正错误,8,,中国新闻网,http://www.chinanews.com//www.chinanews.com.cn/gj/2023/02-19/9956225.shtml
18,泽连斯基称俄春季攻势已开始 再吁西方提供军援,8,,中国新闻网,http://www.chinanews.com//www.chinanews.com.cn/gj/2023/02-17/9955286.shtml
19,“毒火车”致环境灾难 美政府称“安全”引各方质疑,8,,中国新闻网,http://www.chinanews.com//www.chinanews.com.cn/gj/2023/02-18/9955842.shtml
20,中国驻美使馆临时代办徐学渊：中美关系不应因“流浪气球”随风逐流,8,,中国新闻网,http://www.chinanews.com//www.chinanews.com.cn/gj/2023/02-18/9955865.shtml
21,台湾青年女厨师大陆开餐厅：“饭”香不怕巷子深,3,,中国新闻网,http://www.chinanews.com//www.chinanews.com.cn/sh/2023/02-18/9955963.shtml
22,2022年度北京历史文化名城保护十大看点发布,3,,中国新闻网,http://www.chinanews.com//www.chinanews.com.cn/sh/2023/02-17/9955090.shtml
23,中东部将有降温和雨雪天气 新疆西部山区有降雪,3,,中国新闻网,http://www.chinanews.com//www.chinanews.com.cn/sh/2023/02-17/9955173.shtml
24,河间“零彩礼”样本：婚事花费平均减少7万元至15万元,3,,中国新闻网,http://www.chinanews.com//www.chinanews.com.cn/sh/2023/02-17/9955097.shtml
25,上海首家残疾人友好书店：让残障人士感受“阅读之光”,3,,中国新闻网,http://www.chinanews.com//www.chinanews.com.cn/sh/2023/02-16/9954967.shtml
26,ChatGPT“横扫”校园缘何遭封杀,3,,中国新闻网,http://www.chinanews.com//www.chinanews.com.cn/sh/2023/02-17/9955159.shtml
27,口中尝百味 新疆调味香料非遗传承人破解“美食密码”,3,,中国新闻网,http://www.chinanews.com//www.chinanews.com.cn/sh/2023/02-17/9955307.shtml
28,励志母亲周亚松：59岁享受读博生活，每天学习10小时,3,,中国新闻网,http://www.chinanews.com//www.chinanews.com.cn/sh/2023/02-18/9955793.shtml
29,骗取房租、误导青年刷单跑分 节后返工小心这些骗局,3,,中国新闻网,http://www.chinanews.com//www.chinanews.com.cn/sh/2023/02-17/9955157.shtml
30,出行注意！北京今天雨雪发展山区或有中雪 最高气温仅3℃,3,,中国新闻网,http://www.chinanews.com//www.chinanews.com.cn/sh/2023/02-18/9955872.shtml
31,民航业回暖：1月数据亮眼 国际航班仍有增长空间,2,,中国新闻网,http://www.chinanews.com/cj/2023/02-19/9956354.shtml
32,外卖赛道挤进新玩家，但你期待的补贴大战恐难再现,2,,中国新闻网,http://www.chinanews.com/cj/2023/02-19/9956352.shtml
33,小程序蹭聊天机器人流量敛财 收费高达千元,2,,中国新闻网,http://www.chinanews.com/cj/2023/02-19/9956267.shtml
34,《狂飙》拍摄地拍照收费 当地警方正跟进处理,2,,中国新闻网,http://www.chinanews.com/cj/2023/02-19/9956263.shtml
35,记者亲测抖音外卖：1公里内仅5家 小店们还在观望,2,,中国新闻网,http://www.chinanews.com/cj/2023/02-19/9956196.shtml
36,奥特斯潘正锵：中国市场是我们实现增长的基石,2,,中国新闻网,http://www.chinanews.com/cj/2023/02-19/9956189.shtml
37,中国研发如何服务全球？看这座工厂“001号员工”的故事,2,,中国新闻网,http://www.chinanews.com/cj/2023/02-19/9956190.shtml
38,跨国企业在中国|“在中国建厂对我们来说很有安全感”,2,,中国新闻网,http://www.chinanews.com/cj/2023/02-19/9956188.shtml
39,卖爆了！百亿A股龙头发布利好！黄金大热，珠宝商抓紧线下布局,2,,中国新闻网,http://www.chinanews.com/cj/2023/02-19/9956446.shtml
40,侨乡泉州晋江国际机场恢复多条国际（地区）航线,2,"<div class=""left_ph""><img src=""//i2.chinanews.com.cn/simg/ypt/2023/230219/5857a3a5-292d-4a6b-868f-005531489b93_zsite.jpg"" alt=""侨乡泉州晋江国际机场恢复多条国际（地区）航线"" /></div>
",中国新闻网,http://www.chinanews.com/cj/2023/02-19/9956441.shtml
41,“中华药都”安徽亳州：打造全球中药材桥头堡,2,"<div class=""left_ph""><img src=""//i2.chinanews.com.cn/simg/ypt/2023/230219/fc2b35cd-d3e5-4e12-85c1-c56660327fb1_zsite.jpg"" alt=""“中华药都”安徽亳州：打造全球中药材桥头堡"" /></div>
",中国新闻网,http://www.chinanews.com/cj/2023/02-19/9956440.shtml
42,内蒙古农畜产品的新年出海计划：保持优势、觅新赛道,2,,中国新闻网,http://www.chinanews.com/cj/2023/02-19/9956433.shtml
43,广西水口口岸经济复苏 东盟当季水果进入中国,2,,中国新闻网,http://www.chinanews.com/cj/2023/02-19/9956417.shtml
44,宁夏成立贺兰山东麓葡萄酒产业投资发展集团,2,"<div class=""left_ph""><img src=""//i2.chinanews.com.cn/simg/ypt/2023/230219/6e960b55-0894-4962-be2b-d247400f8d58_zsite.jpg"" alt=""宁夏成立贺兰山东麓葡萄酒产业投资发展集团"" /></div>
",中国新闻网,http://www.chinanews.com/cj/2023/02-19/9956409.shtml
45,内蒙古带51家农畜产品“蒙字号”赴阿联酋、沙特觅商机,2,"<div class=""left_ph""><img src=""//i2.chinanews.com.cn/simg/ypt/2023/230219/04968ec9-d897-4c2b-8941-b9de91947472_zsite.jpeg"" alt=""内蒙古带51家农畜产品“蒙字号”赴阿联酋、沙特觅商机"" /></div>
",中国新闻网,http://www.chinanews.com/cj/2023/02-19/9956407.shtml
46,247.1万人次！长三角铁路创2023年单日客发量新高,2,,中国新闻网,http://www.chinanews.com/cj/2023/02-19/9956398.shtml
47,奋进的春天 | 企业订单快速增长 国际货运市场活跃,2,,中国新闻网,http://www.chinanews.com/cj/2023/02-19/9956403.shtml
48,上海剑指未来“深布局”所为哪般？,2,,中国新闻网,http://www.chinanews.com/cj/2023/02-19/9956380.shtml
49,124万元公共收益！法院判了！小区物业返还业主,2,,中国新闻网,http://www.chinanews.com/cj/2023/02-19/9956378.shtml
50,【走进区域看发展】重庆解放碑—朝天门商圈提档升级擦亮“国字招牌”,2,"<div class=""left_ph""><img src=""//i2.chinanews.com.cn/simg/ypt/2023/230219/d9d01d80-67e4-4c1d-b474-d040ae97f29d_zsite.jpg"" alt=""【走进区域看发展】重庆解放碑—朝天门商圈提档升级擦亮“国字招牌”"" /></div>
",中国新闻网,http://www.chinanews.com/cj/2023/02-19/9956365.shtml
51,天津（新加坡）投资环境推介会在新加坡成功举办,2,"<div class=""left_ph""><img src=""//i2.chinanews.com.cn/simg/ypt/2023/230219/90dffbd2-0a8f-4f2c-9c3d-23b4edf83b8a_zsite.jpeg"" alt=""天津（新加坡）投资环境推介会在新加坡成功举办"" /></div>
",中国新闻网,http://www.chinanews.com/cj/2023/02-19/9956362.shtml
52,民航业回暖：1月数据亮眼 国际航班仍有增长空间,2,,中国新闻网,http://www.chinanews.com/cj/2023/02-19/9956354.shtml
53,外卖赛道挤进新玩家，但你期待的补贴大战恐难再现,2,,中国新闻网,http://www.chinanews.com/cj/2023/02-19/9956352.shtml
54,海南首次开通海口-仁川货运航线,2,,中国新闻网,http://www.chinanews.com/cj/2023/02-19/9956350.shtml
55,中国出境游市场持续回暖  旅游模式多样化,2,"<div class=""left_ph""><img src=""//i2.chinanews.com.cn/simg/ypt/2023/230219/bbf6a817-1ca9-45f3-a39e-2ce49429b228_zsite.jpg"" alt=""中国出境游市场持续回暖旅游模式多样化"" /></div>
",中国新闻网,http://www.chinanews.com/cj/2023/02-19/9956341.shtml
56,安徽阜阳：“追风逐日”快速聚能新能源产业,2,"<div class=""left_ph""><img src=""//i2.chinanews.com.cn/simg/ypt/2023/230219/40fa92ed-c122-4d11-9928-9bd583b43d14_zsite.jpg"" alt=""安徽阜阳：“追风逐日”快速聚能新能源产业"" /></div>
",中国新闻网,http://www.chinanews.com/cj/2023/02-19/9956322.shtml
57,卖爆了！百亿A股龙头发布利好！黄金大热，珠宝商抓紧线下布局,2,,中国新闻网,http://www.chinanews.com/cj/2023/02-19/9956446.shtml
58,两部门：拟将银行划分为三个档次，匹配不同的资本监管方案,2,,中国新闻网,http://www.chinanews.com/cj/2023/02-18/9956067.shtml
59,中国银行：刘连舸不再担任中国银行党委书记,2,,中国新闻网,http://www.chinanews.com/cj/2023/02-18/9956037.shtml
60,两部门就《商业银行资本管理办法（征求意见稿）》公开征求意见,2,,中国新闻网,http://www.chinanews.com/cj/2023/02-18/9956013.shtml
61,中消协点名新冠保险套路多！险企该反思什么？,2,,中国新闻网,http://www.chinanews.com/cj/2023/02-18/9956039.shtml
62,全面注册制来了！欺诈发行要责令回购……这些变化要关注,2,,中国新闻网,http://www.chinanews.com/cj/2023/02-18/9956038.shtml
63,上海外汇局：持续严厉打击非法网络炒汇、做好红筹企业回归境内上市等工作,2,,中国新闻网,http://www.chinanews.com/cj/2023/02-18/9955990.shtml
64,居民存款创新高，超额的储蓄会流向哪里？,2,,中国新闻网,http://www.chinanews.com/cj/2023/02-18/9955939.shtml
65,规模10亿元 北京首只传感器产业基金成立,2,,中国新闻网,http://www.chinanews.com/cj/2023/02-18/9955932.shtml
66,股票发行注册制制度基本定型,2,,中国新闻网,http://www.chinanews.com/cj/2023/02-18/9955930.shtml
67,中证协发布四项规则：配合做好全面实行股票发行注册制改革工作,2,,中国新闻网,http://www.chinanews.com/cj/2023/02-18/9955926.shtml
68,一天之内，三大国有金融机构宣布人事调整,2,,中国新闻网,http://www.chinanews.com/cj/2023/02-18/9955891.shtml
69,北交所做市交易下周一启动,2,,中国新闻网,http://www.chinanews.com/cj/2023/02-18/9955847.shtml
70,全面注册制落地 沪深交易所将启动申报受理工作,2,,中国新闻网,http://www.chinanews.com/cj/2023/02-18/9955837.shtml
71,中国银保监会查处5家金融机构违法违规行为 罚没逾3.8亿元,2,,中国新闻网,http://www.chinanews.com/cj/2023/02-17/9955681.shtml
72,上交所：提升监管精准度 减少对交易的不必要干预,2,,中国新闻网,http://www.chinanews.com/cj/2023/02-17/9955602.shtml
73,2022年西藏金融运行情况良好,2,"<div class=""left_ph""><img src=""//i2.chinanews.com.cn/simg/ypt/2023/230217/4c867011-59d0-4cbb-b8fc-693fd0dd043d_zsite.jpg"" alt=""2022年西藏金融运行情况良好"" /></div>
",中国新闻网,http://www.chinanews.com/cj/2023/02-17/9955592.shtml
74,央行就《内地与香港利率互换市场互联互通合作管理暂行办法（征求意见稿）》公开征求意见,2,,中国新闻网,http://www.chinanews.com/cj/2023/02-17/9955637.shtml
75,小程序蹭聊天机器人流量敛财,2,,中国新闻网,http://www.chinanews.com/cj/2023/02-19/9956267.shtml
76,ChatGPT热潮下的冷思考：人工智能将如何影响人类的未来？,2,,中国新闻网,http://www.chinanews.com/cj/2023/02-19/9956187.shtml
77,2023中国互联网发展座谈会暨中国互联网协会新春茶话会在京召开,2,,中国新闻网,http://www.chinanews.com/cj/2023/02-18/9956050.shtml
78,机器人长时间聊天会“失控”？微软限制每个问题只能问5遍,2,,中国新闻网,http://www.chinanews.com/cj/2023/02-18/9955993.shtml
79,上海浦东：张江科学城商会计划2023年发展千余家企业加入,2,"<div class=""left_ph""><img src=""//i2.chinanews.com.cn/simg/ypt/2023/230218/8617055a-c964-4123-b5f7-6bb9c575c9b0_zsite.jpeg"" alt=""上海浦东：张江科学城商会计划2023年发展千余家企业加入"" /></div>
",中国新闻网,http://www.chinanews.com/cj/2023/02-18/9955954.shtml
80,ChatGPT写假新闻惊动警方 谣言该如何止于“智”者？,2,,中国新闻网,http://www.chinanews.com/cj/2023/02-18/9955943.shtml
81,陪人们娱乐聊天还能写文案 人工智能如何影响文化产业,2,,中国新闻网,http://www.chinanews.com/cj/2023/02-18/9955929.shtml
82,元宇宙规模化商用仍未落地，ChatGPT或难续写新故事,2,,中国新闻网,http://www.chinanews.com/cj/2023/02-18/9955915.shtml
83,BEYOND国际科技创新博览会将首创设立国际工业设计专区,2,,中国新闻网,http://www.chinanews.com/cj/2023/02-17/9955748.shtml
84,中国版ChatGPT获热捧，AI将迎新一轮爆发期？,2,,中国新闻网,http://www.chinanews.com/cj/2023/02-17/9955599.shtml
85,外媒斥ChatGPT未付费用媒体文章训练AI,2,,中国新闻网,http://www.chinanews.com/cj/2023/02-17/9955516.shtml
86,苹果第一个折叠屏给了iPad？,2,,中国新闻网,http://www.chinanews.com/cj/2023/02-17/9955371.shtml
87,广州发布科技计划项目管理办法 激发科技创新活力,2,"<div class=""left_ph""><img src=""//i2.chinanews.com.cn/simg/ypt/2023/230217/c939f98c-344f-489b-a3d6-917c320e1649_zsite.jpeg"" alt=""广州发布科技计划项目管理办法激发科技创新活力"" /></div>
",中国新闻网,http://www.chinanews.com/cj/2023/02-17/9955301.shtml
88,元宇宙失宠,2,,中国新闻网,http://www.chinanews.com/cj/2023/02-17/9955298.shtml
89,腾讯解散XR部、PICO传裁员？元宇宙热降温了,2,,中国新闻网,http://www.chinanews.com/cj/2023/02-16/9955022.shtml
90,45亿条个人信息泄露？黑灰产出没9日，“销毁数据”隐身,2,,中国新闻网,http://www.chinanews.com/cj/2023/02-16/9955018.shtml
91,聚焦科技新风口  业内共探元宇宙未来之路,2,,中国新闻网,http://www.chinanews.com/cj/2023/02-16/9955005.shtml
92,三星Galaxy S23系列手机国内发布 移动影像方面再次突破,2,,中国新闻网,http://www.chinanews.com/cj/2023/02-16/9954721.shtml
93,124万元公共收益！法院判了！小区物业返还业主,2,,中国新闻网,http://www.chinanews.com/cj/2023/02-19/9956378.shtml
94,“0首付0月供，你买房我还贷”？ 房企火速澄清,2,,中国新闻网,http://www.chinanews.com/cj/2023/02-18/9956092.shtml
95,经济日报刊文：警惕房贷置换的多重风险,2,,中国新闻网,http://www.chinanews.com/cj/2023/02-18/9955914.shtml
96,“0首付0月供，你买房、我还贷”，竟有这种好事儿？,2,,中国新闻网,http://www.chinanews.com/cj/2023/02-18/9955894.shtml
97,楼市“暖意”初现 热点一二线城市领涨需求,2,,中国新闻网,http://www.chinanews.com/cj/2023/02-18/9955809.shtml
98,海南改变房地产“一业独大” 建设自贸港住房制度体系,2,,中国新闻网,http://www.chinanews.com/cj/2023/02-17/9955591.shtml
99,北京发布23宗拟供应商品住宅用地清单 近七成位于轨道站点周边,2,,中国新闻网,http://www.chinanews.com/cj/2023/02-17/9955574.shtml
100,南宁楼盘“百岁贷”火速下架 多地释出房贷年龄放宽讯息,2,,中国新闻网,http://www.chinanews.com/cj/2023/02-17/9955407.shtml
101,房贷年龄炒作风乍起,2,,中国新闻网,http://www.chinanews.com/cj/2023/02-17/9955370.shtml
102,广州刚需楼盘成交回暖？ 行情分化仍然明显,2,,中国新闻网,http://www.chinanews.com/cj/2023/02-17/9955255.shtml
103,机构称商业地产今年将复苏 7成受访零售商计划扩张门店,2,,中国新闻网,http://www.chinanews.com/cj/2023/02-17/9955222.shtml
104,1月上市房企“火拼”拿地：保利领跑，华发、滨江、建发杀入前十,2,,中国新闻网,http://www.chinanews.com/cj/2023/02-17/9955207.shtml
105,1月上海楼市销售回暖 TOP10项目同比多卖近百亿,2,,中国新闻网,http://www.chinanews.com/cj/2023/02-17/9955205.shtml
106,多地银行延长房贷年龄期限至80岁 专家：警惕按揭贷款风险上升等问题,2,,中国新闻网,http://www.chinanews.com/cj/2023/02-17/9955200.shtml
107,“80岁房贷”背后： 银行从“堵”到“放”， 地产寻找新动能,2,,中国新闻网,http://www.chinanews.com/cj/2023/02-17/9955196.shtml
108,“百岁贷”出圈！接力贷又升级了？建发房产多个楼盘回应,2,,中国新闻网,http://www.chinanews.com/cj/2023/02-16/9954716.shtml
109,房贷年龄最长可达100岁？业内：实为接力贷,2,,中国新闻网,http://www.chinanews.com/cj/2023/02-16/9954699.shtml
110,多地房贷利率迈入“3”时代 “转贷降息”暗涌,2,,中国新闻网,http://www.chinanews.com/cj/2023/02-16/9954678.shtml
111,【高质量发展看中国】走进“汽车硅谷”，看广州如何打造万亿级“智车之城”,2,,中国新闻网,http://www.chinanews.com/cj/2023/02-18/9956179.shtml
112,安徽首条自动驾驶公交已进入实质化运行,2,,中国新闻网,http://www.chinanews.com/cj/2023/02-17/9955696.shtml
113,广西车企加速布局东盟新能源汽车市场,2,,中国新闻网,http://www.chinanews.com/cj/2023/02-17/9955652.shtml
114,大连港今年1月商品车外贸出口业务量创十年同期新高,2,"<div class=""left_ph""><img src=""//i2.chinanews.com.cn/simg/ypt/2023/230217/6c943bdd-060b-4dd6-9215-5647d823c5fb_zsite.jpg"" alt=""大连港今年1月商品车外贸出口业务量创十年同期新高"" /></div>
",中国新闻网,http://www.chinanews.com/cj/2023/02-17/9955585.shtml
115,大幅降价后销量反下滑13.3% 特斯拉Model Y重启涨价模式,2,,中国新闻网,http://www.chinanews.com/cj/2023/02-17/9955464.shtml
116,特斯拉全系Model Y一周齐涨两千元，Model 3会跟上吗,2,,中国新闻网,http://www.chinanews.com/cj/2023/02-17/9955433.shtml
117,借壳上市，威马汽车找到了“救赎之路”？,2,,中国新闻网,http://www.chinanews.com/cj/2023/02-17/9955383.shtml
118,特斯拉开放充电站换补贴,2,,中国新闻网,http://www.chinanews.com/cj/2023/02-17/9955372.shtml
119,特斯拉ModelY部分车型涨价2000元,2,,中国新闻网,http://www.chinanews.com/cj/2023/02-17/9955267.shtml
120,36万辆！特斯拉大举召回，市值一夜蒸发2600亿，马斯克吐槽：你们管这叫“召回”？,2,,中国新闻网,http://www.chinanews.com/cj/2023/02-17/9955209.shtml
121,新能源车降价，这个行业惨了：哪怕赔钱，也要尽快清库存,2,,中国新闻网,http://www.chinanews.com/cj/2023/02-17/9955208.shtml
122,深圳：优化跨境金融服务支持新能源汽车企业“出海”,2,,中国新闻网,http://www.chinanews.com/cj/2023/02-16/9954948.shtml
123,集度发布ROBOVERSE数字宇宙体验计划 年内推出“三体版”定制车型,2,,中国新闻网,http://www.chinanews.com/cj/2023/02-16/9954851.shtml
124,车企软件订阅收费忙 “付费刹车”不远了？,2,,中国新闻网,http://www.chinanews.com/cj/2023/02-16/9954785.shtml
125,奇瑞汽车创“扬帆出海”新纪录 每70秒一辆汽车交付海外,2,"<div class=""left_ph""><img src=""//i2.chinanews.com.cn/simg/ypt/2023/230215/fbdaec8d-ce75-451c-8507-ca8d11be7457_zsite.jpg"" alt=""奇瑞汽车创“扬帆出海”新纪录每70秒一辆汽车交付海外"" /></div>
",中国新闻网,http://www.chinanews.com/cj/2023/02-15/9954158.shtml
126,2023年，哪些新规影响汽车行业,2,,中国新闻网,http://www.chinanews.com/cj/2023/02-15/9954018.shtml
127,新年首月车市有点冷,2,,中国新闻网,http://www.chinanews.com/cj/2023/02-15/9954016.shtml
128,今年车市增长还看新能源 促汽车消费哪些政策更给力？,2,,中国新闻网,http://www.chinanews.com/cj/2023/02-15/9953931.shtml
129,平价咖啡“卷”至5元区，咖啡豆怎么样了？,2,,中国新闻网,http://www.chinanews.com/cj/2023/02-18/9955952.shtml
130,哗啦啦餐饮商户“提现难” 善后不应“追责难”,2,,中国新闻网,http://www.chinanews.com/cj/2023/02-18/9955941.shtml
131,万和电气发布多款新品 全渠道进军集成厨房市场,2,,中国新闻网,http://www.chinanews.com/cj/2023/02-17/9955654.shtml
132,北京8起医美违法案例曝光 涉及价格欺诈、虚假宣传、无证经营、利用“美容贷”诈骗等,2,,中国新闻网,http://www.chinanews.com/cj/2023/02-17/9955241.shtml
133,麻六记称网传关店消息不实：店铺正常营业中,2,,中国新闻网,http://www.chinanews.com/cj/2023/02-16/9955001.shtml
134,元气森林气泡水产品升级：做“气更足、每口都气足”的产品,2,,中国新闻网,http://www.chinanews.com/cj/2023/02-16/9954723.shtml
135,谁动了新侨三宝乐的“蛋糕”,2,,中国新闻网,http://www.chinanews.com/cj/2023/02-16/9954644.shtml
136,周黑鸭、绝味食品、煌上煌业绩大跌，大家不爱吃卤味了？,2,,中国新闻网,http://www.chinanews.com/cj/2023/02-16/9954319.shtml
137,被指“退网”、口碑与营收受损，老干妈真的老了吗？,2,,中国新闻网,http://www.chinanews.com/cj/2023/02-15/9954288.shtml
138,茶颜观色关联公司成失信被执行人,2,,中国新闻网,http://www.chinanews.com/cj/2023/02-15/9954184.shtml
139,中消协发布2022年投诉情况分析，这些问题你遇到过吗,2,,中国新闻网,http://www.chinanews.com/cj/2023/02-15/9954067.shtml
140,四部门：中小学校、幼儿园原则上不在校内设置小卖部,2,,中国新闻网,http://www.chinanews.com/cj/2023/02-15/9954048.shtml
141,南京同仁堂蓝铜肽面膜检出激素,2,,中国新闻网,http://www.chinanews.com/cj/2023/02-15/9953832.shtml
142,欧莱雅黑精华礼盒因过度包装被通报,2,,中国新闻网,http://www.chinanews.com/cj/2023/02-15/9953831.shtml
143,“浪漫经济”掀起消费小热潮 专家建议通过线上平台精准引流,2,,中国新闻网,http://www.chinanews.com/cj/2023/02-15/9953808.shtml
144,兰蔻等被点名 化妆品监管趋严,2,,中国新闻网,http://www.chinanews.com/cj/2023/02-15/9953754.shtml
145,卤味巨头断崖下跌 鸭货卖不动了？,2,,中国新闻网,http://www.chinanews.com/cj/2023/02-15/9953732.shtml
146,情人节花价突跌 花店成了“冤大头”？,2,,中国新闻网,http://www.chinanews.com/cj/2023/02-15/9953699.shtml
147,洋酒终于走出酒吧夜场，国际巨头愈发偏爱中国市场,2,,中国新闻网,http://www.chinanews.com/cj/2023/02-17/9955455.shtml
148,践行“长期主义”，中粮名庄荟构建全球美酒版图,2,,中国新闻网,http://www.chinanews.com/cj/2023/02-16/9954841.shtml
149,文创酒来了 你会买吗？,2,,中国新闻网,http://www.chinanews.com/cj/2023/02-16/9954552.shtml
150,15.45万股！控股股东出手增持贵州茅台，什么信号？,2,,中国新闻网,http://www.chinanews.com/cj/2023/02-11/9951594.shtml
151,春晚+《中国诗词大会》接力赋能，古井贡酒春节档又“添把火”？,2,,中国新闻网,http://www.chinanews.com/cj/2023/02-03/9946508.shtml
152,舍得酒业：选举倪强为公司董事长,2,,中国新闻网,http://www.chinanews.com/cj/2023/01-31/9944449.shtml
153,白酒消费卷土重来,2,,中国新闻网,http://www.chinanews.com/cj/2023/01-31/9944225.shtml
154,贵州：2023年白酒产业增加值计划增长10%以上,2,,中国新闻网,http://www.chinanews.com/cj/2023/01-28/9942675.shtml
155,山西汾酒2022年营收预计超260亿元,2,,中国新闻网,http://www.chinanews.com/cj/2023/01-20/9939604.shtml
156,古往今来，为何“大家都爱汾酒”？,2,,中国新闻网,http://www.chinanews.com/cj/2023/01-20/9939603.shtml
157,“囤的货都卖完了” 白酒经销商加紧补货,2,,中国新闻网,http://www.chinanews.com/cj/2023/01-20/9939542.shtml
158,“大家都爱汾酒”主题品牌传播活动即将开启,2,,中国新闻网,http://www.chinanews.com/cj/2023/01-19/9938867.shtml
159,金徽酒携手复星基金会向甘肃捐赠价值100万元防疫物资,2,,中国新闻网,http://www.chinanews.com/cj/2023/01-18/9938175.shtml
160,吉尼斯赋能品牌推广新高度，古井贡酒这份小年礼走心了,2,,中国新闻网,http://www.chinanews.com/cj/2023/01-18/9938173.shtml
161,贵州全力打造全国重要的白酒生产基地,2,"<div class=""left_ph""><img src=""//i2.chinanews.com.cn/simg/ypt/2023/230116/68b30484-3c03-4222-9888-646581ac355d_zsite.jpg"" alt=""贵州全力打造全国重要的白酒生产基地"" /></div>
",中国新闻网,http://www.chinanews.com/cj/2023/01-16/9936705.shtml
162,2022年郎酒年度十大图片发布 定格郎酒新起点,2,,中国新闻网,http://www.chinanews.com/cj/2023/01-13/9934634.shtml
163,中华酒重磅新品投产上市 全国首发限量50吨,2,,中国新闻网,http://www.chinanews.com/cj/2023/01-13/9934518.shtml
164,终端需求提升叠加优惠促销活动 节前白酒市场销售明显回暖,2,,中国新闻网,http://www.chinanews.com/cj/2023/01-12/9933397.shtml
165,河北发现华北地区最早石叶技术制品,4,"<div class=""left_ph""><img src=""//i2.chinanews.com.cn/simg/ypt/2023/230219/6d56d371-dcdb-4096-b92e-a00cca37fb09_zsite.jpg"" alt=""河北发现华北地区最早石叶技术制品"" /></div>
",中国新闻网,http://www.chinanews.com/cul/2023/02-19/9956310.shtml
166,学生后辈追忆书法大家林鹏：“他永远是我们的楷模”,4,"<div class=""left_ph""><img src=""//i2.chinanews.com.cn/simg/ypt/2023/230219/5f275d2f-f320-4870-ad05-38c16431d989_zsite.jpg"" alt=""学生后辈追忆书法大家林鹏：“他永远是我们的楷模”"" /></div>
",中国新闻网,http://www.chinanews.com/cul/2023/02-19/9956298.shtml
167,提升非遗保护传承水平 首届中国非物质文化遗产保护年会开幕,4,"<div class=""left_ph""><img src=""//i2.chinanews.com.cn/simg/ypt/2023/230219/101c82cd-3c1b-41d6-b978-b5909c9f3c0f_zsite.jpg"" alt=""提升非遗保护传承水平首届中国非物质文化遗产保护年会开幕"" /></div>
",中国新闻网,http://www.chinanews.com/cul/2023/02-19/9956274.shtml
168,首届中国（海南）东坡文化旅游大会开幕 传承发扬东坡文化,4,"<div class=""left_ph""><img src=""//i2.chinanews.com.cn/simg/ypt/2023/230219/d655d898-b14a-45a8-8820-478847bf9aec_zsite.jpg"" alt=""首届中国（海南）东坡文化旅游大会开幕传承发扬东坡文化"" /></div>
",中国新闻网,http://www.chinanews.com/cul/2023/02-19/9956269.shtml
169,200余项目齐聚非遗大集 匠心、技艺“荟萃一堂”,4,"<div class=""left_ph""><img src=""//i2.chinanews.com.cn/simg/ypt/2023/230218/2912b685-726e-4fac-9e8c-9d6b1de66b98_zsite.jpg"" alt=""200余项目齐聚非遗大集匠心、技艺“荟萃一堂”"" /></div>
",中国新闻网,http://www.chinanews.com/cul/2023/02-18/9956121.shtml
170,今日雨水：雨润大地气象新,4,,中国新闻网,http://www.chinanews.com//www.chinanews.com.cn/cul/2023/02-19/9956185.shtml
171,架起融合桥梁 丰富美育课堂,4,,中国新闻网,http://www.chinanews.com//www.chinanews.com.cn/cul/2023/02-19/9956220.shtml
172,《三体》完结，导演透露第二部计划：会更冒险,4,,中国新闻网,http://www.chinanews.com//www.chinanews.com.cn/cul/2023/02-18/9956157.shtml
173,声音从头顶飞过《中国乒乓》做了啥？,4,,中国新闻网,http://www.chinanews.com//www.chinanews.com.cn/cul/2023/02-19/9956195.shtml
174,“有生之年，会看到许多技术领域的重大突破”,4,,中国新闻网,http://www.chinanews.com//www.chinanews.com.cn/cul/2023/02-19/9956215.shtml
175,漫话节气 | 为何说雨水节气富有人情味？,4,,中国新闻网,http://www.chinanews.com//www.chinanews.com.cn/cul/2023/02-19/9956186.shtml
176,学生后辈追忆书法大家林鹏：“他永远是我们的楷模”,4,,中国新闻网,http://www.chinanews.com//www.chinanews.com.cn/cul/2023/02-19/9956298.shtml
177,花甲“绣娘”指尖匠心传非遗 “一针一线”显古韵新意,4,,中国新闻网,http://www.chinanews.com//www.chinanews.com.cn/cul/2023/02-18/9956142.shtml
178,蒙曼：苏东坡为何能成为“顶流男神”？,4,,中国新闻网,http://www.chinanews.com//www.chinanews.com.cn/cul/2023/02-18/9956162.shtml
179,以影像表白新时代 第十六届小康电视节目工程荣誉揭晓,4,,中国新闻网,http://www.chinanews.com//www.chinanews.com.cn/cul/2023/02-19/9956281.shtml
180,隋文静韩聪携手跨界 全新单曲《绽》激励每一个逐梦者 ,5,,中国新闻网,http://www.chinanews.com/ty/2023/02-19/9956315.shtml
181,再战世预赛中国男篮出台16人名单 “乔帅”香港迎首秀,5,,中国新闻网,http://www.chinanews.com/ty/2023/02-19/9956329.shtml
182,韩旭续约自由人女篮掀起留洋潮？ ,5,,中国新闻网,http://www.chinanews.com/ty/2023/02-19/9956300.shtml
183,WTA迪拜赛今天揭开战幕 中国“一姐”之争加剧,5,,中国新闻网,http://www.chinanews.com/ty/2023/02-19/9956251.shtml
184,受伤5个月后重出江湖 阿尔卡拉斯望重返世界第一,5,,中国新闻网,http://www.chinanews.com/ty/2023/02-19/9956249.shtml
185,从18岁赢到19岁，苏翊鸣的青春很硬核,5,,中国新闻网,http://www.chinanews.com//www.chinanews.com.cn/ty/2023/02-18/9955882.shtml
186,多地体育中考项目调整，中长跑缘何成关注重点？,5,,中国新闻网,http://www.chinanews.com//www.chinanews.com.cn/ty/2023/02-18/9956040.shtml
187,国乒德班世乒赛选拔赛：开赛首轮樊振东王曼昱等迎“开门红”,5,,中国新闻网,http://www.chinanews.com//www.chinanews.com.cn/ty/2023/02-18/9956184.shtml
188,斯诺克威尔士公开赛：田鹏飞零封奥沙利文  携手庞俊旭挺进半决赛,5,,中国新闻网,http://www.chinanews.com//www.chinanews.com.cn/ty/2023/02-18/9955971.shtml
189,韩旭续约自由人女篮掀起留洋潮？,5,,中国新闻网,http://www.chinanews.com//www.chinanews.com.cn/ty/2023/02-19/9956300.shtml
190,赛事组织基本就绪 成都大运会筹办工作进入冲刺阶段,5,,中国新闻网,http://www.chinanews.com//www.chinanews.com.cn/ty/2023/02-19/9956202.shtml
191,京津冀蒙晋鲁六省市冰雪拉力赛在锡林郭勒草原启幕,5,,中国新闻网,http://www.chinanews.com//www.chinanews.com.cn/ty/2023/02-18/9956066.shtml
192,杭州亚运会赛会志愿者开启面试选拔 面向全球补招3万人,5,,中国新闻网,http://www.chinanews.com//www.chinanews.com.cn/ty/2023/02-18/9956165.shtml
193,新疆男篮回应周琦事件 要求中国篮协撤回处罚,5,,中国新闻网,http://www.chinanews.com//www.chinanews.com.cn/ty/2023/02-18/9956015.shtml
194,赖亚文任排球中心主任 赴国家队进行备战动员,5,,中国新闻网,http://www.chinanews.com//www.chinanews.com.cn/ty/2023/02-18/9956135.shtml
